{"cameraMode":{"drawMode":0,"name":"Shaded","section":"Shading Mode"},"sceneLighting":false,"audioPlay":false,"sceneViewState":{"m_AlwaysRefresh":false,"showFog":true,"showSkybox":false,"showFlares":true,"showImageEffects":true,"showParticleSystems":true,"showVisualEffectGraphs":true,"m_FxEnabled":true},"in2DMode":false,"pivot":{"x":0.565874457359314,"y":1.3140829801559449,"z":0.5026233792304993},"rotation":{"x":0.06699969619512558,"y":0.5847500562667847,"z":-0.048516351729631427,"w":0.8070812821388245},"size":2.2047269344329836,"orthographic":false}